timestamp,precision,model_path,device,iteration,prompt_id,requested_input_tokens,actual_input_tokens,requested_output_tokens,actual_output_tokens,pipeline_construction_ms,wall_time_ms,openvino_generation_ms,ttft_ms,tpot_ms_per_token,throughput_tokens_per_second,rss_before_load_mib,rss_after_load_mib,rss_after_warmup_mib,sampled_peak_rss_mib,rss_after_generation_mib,status,error
2026-10-05T18:05:06,FP16,C:\Users\parva\tinyllama-ov,CPU,1,run_1,128,128,32,32,986.78,6855.22,6855.03,1159.56,183.72,5.44,54.1,127.5,4111.6,4112.2,4112.2,success,
2026-10-05T18:05:13,FP16,C:\Users\parva\tinyllama-ov,CPU,2,run_2,128,128,32,32,986.78,4879.33,4879.25,959.52,126.44,7.91,54.1,127.5,4111.6,4112.4,4112.4,success,
2026-10-05T18:05:17,FP16,C:\Users\parva\tinyllama-ov,CPU,3,run_3,128,128,32,32,986.78,6271.08,6271.01,1252.42,161.89,6.18,54.1,127.5,4111.6,4112.6,4112.6,success,
2026-10-05T18:06:04,INT8,C:\Users\parva\tinyllama-int8,CPU,1,run_1,128,128,128,128,1310.93,9172.17,9172.03,1143.89,63.21,15.82,54.5,137.8,2136.4,2137.1,2137.1,success,
2026-10-05T18:06:13,INT8,C:\Users\parva\tinyllama-int8,CPU,2,run_2,128,128,128,128,1310.93,9408.41,9408.3,1019.73,66.05,15.14,54.5,137.8,2136.4,2137.5,2137.5,success,
2026-10-05T18:06:22,INT8,C:\Users\parva\tinyllama-int8,CPU,3,run_3,128,128,128,128,1310.93,9020.7,9020.57,1085.79,62.48,16.01,54.5,137.8,2136.4,2137.6,2137.6,success,
2026-10-05T18:07:19,FP16,C:\Users\parva\tinyllama-ov,CPU,1,run_1,128,128,32,32,926.91,6591.4,6591.27,1939.86,150.04,6.66,54.4,128.1,4111.9,4112.6,4112.7,success,
2026-10-05T18:07:25,FP16,C:\Users\parva\tinyllama-ov,CPU,2,run_2,128,128,32,32,926.91,5527.3,5527.22,1421.74,132.43,7.55,54.4,128.1,4111.9,4112.9,4112.8,success,
2026-10-05T18:07:31,FP16,C:\Users\parva\tinyllama-ov,CPU,3,run_3,128,128,32,32,926.91,5386.95,5386.85,1693.83,119.13,8.39,54.4,128.1,4111.9,4113.0,4113.0,success,
2026-10-05T18:08:18,INT8,C:\Users\parva\tinyllama-int8,CPU,1,run_1,128,128,128,128,1284.59,8994.76,8994.67,955.25,63.3,15.8,54.4,137.7,2136.9,2137.6,2137.6,success,
2026-10-05T18:08:27,INT8,C:\Users\parva\tinyllama-int8,CPU,2,run_2,128,128,128,128,1284.59,8120.84,8120.77,590.96,59.29,16.87,54.4,137.7,2136.9,2138.0,2138.0,success,
2026-10-05T18:08:36,INT8,C:\Users\parva\tinyllama-int8,CPU,3,run_3,128,128,128,128,1284.59,8251.09,8251.0,1016.76,56.96,17.56,54.4,137.7,2136.9,2138.1,2138.1,success,
2026-10-05T18:09:25,FP16,C:\Users\parva\tinyllama-ov,CPU,1,run_1,128,128,32,32,1307.97,4318.76,4318.67,1642.86,86.32,11.59,54.8,124.3,4111.8,4112.5,4112.5,success,
2026-10-05T18:09:29,FP16,C:\Users\parva\tinyllama-ov,CPU,2,run_2,128,128,32,32,1307.97,4348.54,4348.47,1611.7,88.28,11.33,54.8,124.3,4111.8,4112.8,4112.8,success,
2026-10-05T18:09:34,FP16,C:\Users\parva\tinyllama-ov,CPU,3,run_3,128,128,32,32,1307.97,4624.91,4624.83,1818.08,90.54,11.04,54.8,124.3,4111.8,4113.0,4113.0,success,
2026-10-05T18:10:09,INT8,C:\Users\parva\tinyllama-int8,CPU,1,run_1,128,128,128,128,1307.21,7481.02,7480.92,768.37,52.85,18.92,54.5,138.3,2138.1,2138.8,2138.8,success,
2026-10-05T18:10:17,INT8,C:\Users\parva\tinyllama-int8,CPU,2,run_2,128,128,128,128,1307.21,8945.2,8945.12,937.8,63.05,15.86,54.5,138.3,2138.1,2139.2,2139.2,success,
2026-10-05T18:10:26,INT8,C:\Users\parva\tinyllama-int8,CPU,3,run_3,128,128,128,128,1307.21,8150.6,8150.52,882.13,57.23,17.47,54.5,138.3,2138.1,2139.4,2139.4,success,
