precision,input_tokens,output_tokens,runs,ttft_ms_mean,ttft_ms_median,ttft_ms_stdev,ttft_ms_cv_percent,ttft_ms_minimum,ttft_ms_maximum,tpot_ms_per_token_mean,tpot_ms_per_token_median,tpot_ms_per_token_stdev,tpot_ms_per_token_cv_percent,tpot_ms_per_token_minimum,tpot_ms_per_token_maximum,throughput_tokens_per_second_mean,throughput_tokens_per_second_median,throughput_tokens_per_second_stdev,throughput_tokens_per_second_cv_percent,throughput_tokens_per_second_minimum,throughput_tokens_per_second_maximum,openvino_generation_ms_mean,openvino_generation_ms_median,openvino_generation_ms_stdev,openvino_generation_ms_cv_percent,openvino_generation_ms_minimum,openvino_generation_ms_maximum,sampled_peak_rss_mib_mean,sampled_peak_rss_mib_median,sampled_peak_rss_mib_stdev,sampled_peak_rss_mib_cv_percent,sampled_peak_rss_mib_minimum,sampled_peak_rss_mib_maximum,throughput_speedup_vs_fp16,memory_reduction_vs_fp16_percent,ttft_reduction_vs_fp16_percent
FP16,32,32,3,501.8633,497.03,110.6192,22.0417,393.74,614.82,104.5367,99.58,8.7764,8.3955,99.36,114.67,9.6067,10.04,0.7679,7.9938,8.72,10.06,3742.4667,3694.98,186.8323,4.9922,3583.96,3948.46,4098.2333,4098.2,0.1528,0.0037,4098.1,4098.4,1.0,0.0,0.0
FP16,32,128,3,565.5333,546.36,71.884,12.7108,505.18,645.06,112.8933,112.94,8.0001,7.0864,104.87,120.87,8.8867,8.85,0.6358,7.1545,8.27,9.54,14902.84,14889.22,1086.0541,7.2876,13823.66,15995.64,4106.1667,4106.1,0.2082,0.0051,4106.0,4106.4,1.0,0.0,0.0
FP16,128,32,3,1799.8033,1828.49,78.8652,4.3819,1710.61,1860.31,98.12,96.37,8.1669,8.3233,90.97,107.02,10.2367,10.38,0.8343,8.15,9.34,10.99,4841.6667,4698.22,292.4289,6.0398,4648.66,5178.12,4063.6333,4063.7,0.2082,0.0051,4063.4,4063.8,1.0,0.0,0.0
FP16,128,128,3,1630.0233,1613.01,44.4811,2.7289,1596.56,1680.5,93.7333,92.07,3.8172,4.0724,91.03,98.1,10.68,10.86,0.4293,4.0197,10.19,10.99,13534.4533,13373.54,462.1413,3.4146,13174.28,14055.54,4066.6667,4066.8,0.3215,0.0079,4066.3,4066.9,1.0,0.0,0.0
FP16,512,32,3,6595.7167,6543.94,189.2537,2.8693,6437.74,6805.47,91.42,91.45,0.346,0.3784,91.06,91.75,10.9367,10.93,0.0404,0.3695,10.9,10.98,9429.8367,9379.0,178.6934,1.895,9282.07,9628.44,4115.1333,4115.2,0.3055,0.0074,4114.8,4115.4,1.0,0.0,0.0
FP16,512,128,3,6715.5367,6765.95,134.172,1.9979,6563.46,6817.2,94.17,91.58,6.843,7.2667,89.0,101.93,10.6567,10.92,0.7505,7.0424,9.81,11.24,18675.3333,18447.98,943.2682,5.0509,17866.52,19711.5,4117.4,4117.5,0.4583,0.0111,4116.9,4117.8,1.0,0.0,0.0
INT8,32,32,3,255.8067,253.22,9.9943,3.907,247.36,266.84,59.4867,57.73,3.766,6.3308,56.92,63.81,16.8533,17.32,1.0324,6.1257,15.67,17.57,2099.97,2042.92,126.6495,6.031,2011.88,2245.11,2074.8667,2074.9,0.1528,0.0074,2074.7,2075.0,1.7251,49.3705,49.0534
INT8,32,128,3,218.6967,214.3,14.4169,6.5922,206.99,234.8,58.0067,58.4,1.509,2.6013,56.34,59.28,17.2467,17.12,0.4535,2.6293,16.87,17.75,7585.5433,7630.63,204.2961,2.6932,7362.47,7763.53,2078.4667,2078.4,0.2082,0.01,2078.3,2078.7,1.9345,49.3826,60.7768
INT8,128,32,3,837.0233,849.89,35.9219,4.2916,796.44,864.74,61.1033,60.83,0.6543,1.0708,60.63,61.85,16.3667,16.44,0.1721,1.0518,16.17,16.49,2731.2633,2729.56,50.0068,1.8309,2682.13,2782.1,2089.4667,2089.5,0.1528,0.0073,2089.3,2089.6,1.5838,48.5813,53.5196
INT8,128,128,3,875.87,796.85,145.4892,16.6108,786.99,1043.77,59.53,59.62,0.8287,1.392,58.66,60.31,16.8,16.77,0.2364,1.4073,16.58,17.05,8436.1667,8358.44,237.4701,2.8149,8247.3,8702.76,2089.6333,2089.7,0.2082,0.01,2089.4,2089.8,1.5442,48.6156,50.5986
INT8,512,32,3,3197.37,3227.58,56.0992,1.7545,3132.64,3231.89,61.3033,61.04,1.4826,2.4185,59.97,62.9,16.32,16.38,0.3934,2.4108,15.9,16.68,5097.8133,5086.56,22.9881,0.4509,5082.62,5124.26,2138.7333,2138.7,0.1528,0.0071,2138.6,2138.9,1.4986,48.0293,50.6783
INT8,512,128,3,3786.9833,3620.5,321.6312,8.4931,3582.72,4157.73,66.0533,66.24,0.4038,0.6113,65.59,66.33,15.1433,15.1,0.0929,0.6136,15.08,15.25,12175.8833,11994.92,352.544,2.8954,11950.57,12582.16,2142.3667,2142.4,0.2517,0.0117,2142.1,2142.6,1.3828,47.9684,46.4894
INT4,32,32,3,338.2667,325.42,36.8306,10.888,309.58,379.8,47.39,48.61,3.0114,6.3546,43.96,49.6,21.16,20.57,1.3922,6.5792,20.16,22.75,1807.41,1832.46,56.6347,3.1335,1742.57,1847.2,1285.3333,1285.4,0.2082,0.0162,1285.1,1285.5,2.0488,68.635,34.5271
INT4,32,128,3,324.4867,311.84,26.7727,8.2508,306.38,355.24,47.79,48.1,1.7655,3.6944,45.89,49.38,20.9433,20.79,0.7814,3.7309,20.25,21.79,6394.0333,6420.77,198.6391,3.1066,6183.38,6577.95,1289.0667,1289.0,0.2082,0.0161,1288.9,1289.3,2.3492,68.6077,42.9241
INT4,128,32,3,1019.5167,1026.73,39.349,3.8596,977.06,1054.76,47.97,48.16,0.6463,1.3473,47.25,48.5,20.8533,20.77,0.2843,1.3634,20.62,21.17,2506.5533,2519.48,22.511,0.8981,2480.56,2519.62,1300.5667,1300.6,0.1528,0.0117,1300.4,1300.7,2.001,67.9947,43.8482
INT4,128,128,3,1051.2533,1068.2,36.5555,3.4773,1009.3,1076.26,48.7767,48.93,0.6928,1.4204,48.02,49.38,20.5067,20.44,0.2957,1.4419,20.25,20.83,7245.9867,7282.4,124.3162,1.7157,7107.53,7348.03,1298.9,1299.0,0.2646,0.0204,1298.6,1299.1,1.8821,68.0584,33.776
INT4,512,32,3,3913.4167,3917.14,72.4668,1.8518,3839.16,3983.95,55.74,56.09,1.85,3.319,53.74,57.39,17.9567,17.83,0.6001,3.342,17.43,18.61,5641.45,5656.04,129.5128,2.2957,5505.26,5763.05,1351.3667,1351.4,0.1528,0.0113,1351.2,1351.5,1.6313,67.1608,40.141
INT4,512,128,3,3116.0667,3147.58,72.0304,2.3116,3033.65,3166.97,46.4067,45.9,1.8236,3.9296,44.89,48.43,21.5733,21.79,0.8363,3.8766,20.65,22.28,9009.81,8863.04,266.3415,2.9561,8849.14,9317.25,1353.7,1353.7,0.2,0.0148,1353.5,1353.9,1.9954,67.1233,53.4791
