precision,requested_input_tokens,requested_output_tokens,iteration,prompt_id,ttft_ms,tpot_ms_per_token,throughput_tokens_per_second,openvino_generation_ms,sampled_peak_rss_mib,sys_available_ram_mib,sys_cpu_busy_percent,status,error
FP16,32,32,1,run_1,393.74,114.67,8.72,3948.46,4098.1,1036.8,19.1,success,
FP16,32,32,2,run_2,497.03,99.58,10.04,3583.96,4098.2,1353.7,41.7,success,
FP16,32,32,3,run_3,614.82,99.36,10.06,3694.98,4098.4,1443.2,55.4,success,
FP16,32,128,1,run_1,546.36,112.94,8.85,14889.22,4106.0,1409.7,25.3,success,
FP16,32,128,2,run_2,505.18,104.87,9.54,13823.66,4106.1,1297.7,41.8,success,
FP16,32,128,3,run_3,645.06,120.87,8.27,15995.64,4106.4,1237.7,35.4,success,
FP16,128,32,1,run_1,1828.49,90.97,10.99,4648.66,4063.4,1536.1,30.8,success,
FP16,128,32,2,run_2,1710.61,96.37,10.38,4698.22,4063.7,1576.2,32.8,success,
FP16,128,32,3,run_3,1860.31,107.02,9.34,5178.12,4063.8,1544.8,22.0,success,
FP16,128,128,1,run_1,1613.01,91.03,10.99,13174.28,4066.3,1484.3,34.2,success,
FP16,128,128,2,run_2,1596.56,98.1,10.19,14055.54,4066.8,1635.9,18.3,success,
FP16,128,128,3,run_3,1680.5,92.07,10.86,13373.54,4066.9,1634.0,31.2,success,
FP16,512,32,1,run_1,6805.47,91.06,10.98,9628.44,4114.8,1473.2,36.2,success,
FP16,512,32,2,run_2,6437.74,91.75,10.9,9282.07,4115.2,1474.5,22.3,success,
FP16,512,32,3,run_3,6543.94,91.45,10.93,9379.0,4115.4,1465.9,20.6,success,
FP16,512,128,1,run_1,6563.46,89.0,11.24,17866.52,4116.9,1256.1,17.4,success,
FP16,512,128,2,run_2,6817.2,91.58,10.92,18447.98,4117.5,1316.0,18.3,success,
FP16,512,128,3,run_3,6765.95,101.93,9.81,19711.5,4117.8,1698.4,30.7,success,
INT8,32,32,1,run_1,266.84,63.81,15.67,2245.11,2074.7,3585.8,33.1,success,
INT8,32,32,2,run_2,253.22,57.73,17.32,2042.92,2074.9,3582.9,31.6,success,
INT8,32,32,3,run_3,247.36,56.92,17.57,2011.88,2075.0,3586.3,38.4,success,
INT8,32,128,1,run_1,206.99,56.34,17.75,7362.47,2078.3,3600.7,20.0,success,
INT8,32,128,2,run_2,234.8,59.28,16.87,7763.53,2078.4,3619.2,29.1,success,
INT8,32,128,3,run_3,214.3,58.4,17.12,7630.63,2078.7,3602.2,27.2,success,
INT8,128,32,1,run_1,864.74,61.85,16.17,2782.1,2089.3,3527.2,36.8,success,
INT8,128,32,2,run_2,849.89,60.63,16.49,2729.56,2089.5,3529.9,42.7,success,
INT8,128,32,3,run_3,796.44,60.83,16.44,2682.13,2089.6,3523.6,32.1,success,
INT8,128,128,1,run_1,1043.77,60.31,16.58,8702.76,2089.4,3545.3,32.9,success,
INT8,128,128,2,run_2,796.85,58.66,17.05,8247.3,2089.7,3489.3,27.8,success,
INT8,128,128,3,run_3,786.99,59.62,16.77,8358.44,2089.8,3480.5,33.1,success,
INT8,512,32,1,run_1,3231.89,61.04,16.38,5124.26,2138.6,3641.9,27.0,success,
INT8,512,32,2,run_2,3132.64,62.9,15.9,5082.62,2138.7,3632.6,23.4,success,
INT8,512,32,3,run_3,3227.58,59.97,16.68,5086.56,2138.9,3595.1,40.1,success,
INT8,512,128,1,run_1,4157.73,66.33,15.08,12582.16,2142.1,3480.9,56.5,success,
INT8,512,128,2,run_2,3582.72,66.24,15.1,11994.92,2142.4,3385.4,24.2,success,
INT8,512,128,3,run_3,3620.5,65.59,15.25,11950.57,2142.6,3373.1,28.4,success,
INT4,32,32,1,run_1,309.58,49.6,20.16,1847.2,1285.1,4189.0,28.6,success,
INT4,32,32,2,run_2,325.42,48.61,20.57,1832.46,1285.4,4190.9,31.5,success,
INT4,32,32,3,run_3,379.8,43.96,22.75,1742.57,1285.5,4194.5,39.3,success,
INT4,32,128,1,run_1,311.84,48.1,20.79,6420.77,1288.9,4229.9,31.3,success,
INT4,32,128,2,run_2,355.24,45.89,21.79,6183.38,1289.0,4224.5,25.2,success,
INT4,32,128,3,run_3,306.38,49.38,20.25,6577.95,1289.3,4239.4,20.9,success,
INT4,128,32,1,run_1,1026.73,48.16,20.77,2519.62,1300.4,4020.5,25.0,success,
INT4,128,32,2,run_2,1054.76,47.25,21.17,2519.48,1300.6,4025.9,19.7,success,
INT4,128,32,3,run_3,977.06,48.5,20.62,2480.56,1300.7,4001.5,20.1,success,
INT4,128,128,1,run_1,1076.26,49.38,20.25,7348.03,1298.6,3967.2,17.5,success,
INT4,128,128,2,run_2,1009.3,48.02,20.83,7107.53,1299.0,4181.2,24.5,success,
INT4,128,128,3,run_3,1068.2,48.93,20.44,7282.4,1299.1,4183.1,23.1,success,
INT4,512,32,1,run_1,3839.16,53.74,18.61,5505.26,1351.2,4000.6,26.0,success,
INT4,512,32,2,run_2,3917.14,56.09,17.83,5656.04,1351.4,4001.3,42.9,success,
INT4,512,32,3,run_3,3983.95,57.39,17.43,5763.05,1351.5,3999.5,24.5,success,
INT4,512,128,1,run_1,3147.58,44.89,22.28,8849.14,1353.5,3654.4,30.7,success,
INT4,512,128,2,run_2,3033.65,45.9,21.79,8863.04,1353.7,3717.4,24.5,success,
INT4,512,128,3,run_3,3166.97,48.43,20.65,9317.25,1353.9,3712.4,19.2,success,
