"timestamp","precision","model_path","device","iteration","prompt_id","requested_input_tokens","actual_input_tokens","requested_output_tokens","actual_output_tokens","pipeline_construction_ms","wall_time_ms","openvino_generation_ms","ttft_ms","tpot_ms_per_token","throughput_tokens_per_second","rss_before_load_mib","rss_after_load_mib","rss_after_warmup_mib","sampled_peak_rss_mib","rss_after_generation_mib","status","error"
"2026-10-05T12:10:54","FP16","C:\Users\parva\tinyllama-ov","CPU","1","run_1","32","32","32","32","1406.72","4338.49","4338.41","801.62","114.09","8.77","54.4","127.3","4146.2","4146.6","4146.6","success",""
"2026-10-05T12:10:59","FP16","C:\Users\parva\tinyllama-ov","CPU","2","run_2","32","32","32","32","1406.72","4374.98","4374.9","715.45","118.05","8.47","54.4","127.3","4146.2","4147.0","4147.0","success",""
"2026-10-05T12:11:03","FP16","C:\Users\parva\tinyllama-ov","CPU","3","run_3","32","32","32","32","1406.72","4540.56","4540.47","855.7","118.86","8.41","54.4","127.3","4146.2","4147.2","4147.2","success",""
"2026-10-05T12:11:27","FP16","C:\Users\parva\tinyllama-ov","CPU","1","run_1","32","32","128","128","1473.01","16889.5","16889.41","757.37","127.02","7.87","54.4","125.2","4149.5","4151.8","4151.8","success",""
"2026-10-05T12:11:44","FP16","C:\Users\parva\tinyllama-ov","CPU","2","run_2","32","32","128","128","1473.01","16280.33","16280.22","586.48","123.57","8.09","54.4","125.2","4149.5","4152.9","4152.9","success",""
"2026-10-05T12:12:01","FP16","C:\Users\parva\tinyllama-ov","CPU","3","run_3","32","32","128","128","1473.01","16649.73","16649.63","856.26","124.36","8.04","54.4","125.2","4149.5","4153.4","4153.4","success",""
"2026-10-05T12:12:29","FP16","C:\Users\parva\tinyllama-ov","CPU","1","run_1","128","128","32","32","1592.14","6361.84","6361.76","2490.13","124.89","8.01","54.2","127.0","4111.1","4111.6","4111.6","success",""
"2026-10-05T12:12:36","FP16","C:\Users\parva\tinyllama-ov","CPU","2","run_2","128","128","32","32","1592.14","6279.26","6279.19","2708.56","115.18","8.68","54.2","127.0","4111.1","4112.0","4111.0","success",""
"2026-10-05T12:12:42","FP16","C:\Users\parva\tinyllama-ov","CPU","3","run_3","128","128","32","32","1592.14","6946.28","6946.22","2771.72","134.66","7.43","54.2","127.0","4111.1","4111.5","4111.5","success",""
"2026-10-05T12:13:12","FP16","C:\Users\parva\tinyllama-ov","CPU","1","run_1","128","128","128","128","1389.32","15807.35","15807.29","1958.34","109.05","9.17","54.2","128.1","4113.4","4114.8","4114.8","success",""
"2026-10-05T12:13:27","FP16","C:\Users\parva\tinyllama-ov","CPU","2","run_2","128","128","128","128","1389.32","16854.4","16854.34","2122.75","116.0","8.62","54.2","128.1","4113.4","4115.6","4115.5","success",""
"2026-10-05T12:13:44","FP16","C:\Users\parva\tinyllama-ov","CPU","3","run_3","128","128","128","128","1389.32","15938.77","15938.67","2205.25","108.14","9.25","54.2","128.1","4113.4","4116.3","4116.3","success",""
"2026-10-05T12:14:19","FP16","C:\Users\parva\tinyllama-ov","CPU","1","run_1","512","512","32","32","1411.46","14511.89","14511.83","10506.13","129.21","7.74","54.5","127.0","4162.9","4164.3","4164.4","success",""
"2026-10-05T12:14:34","FP16","C:\Users\parva\tinyllama-ov","CPU","2","run_2","512","512","32","32","1411.46","14305.03","14304.95","10720.59","115.62","8.65","54.5","127.0","4162.9","4164.7","4164.7","success",""
"2026-10-05T12:14:48","FP16","C:\Users\parva\tinyllama-ov","CPU","3","run_3","512","512","32","32","1411.46","12581.99","12581.9","9494.9","99.58","10.04","54.5","127.0","4162.9","4165.0","4165.0","success",""
"2026-10-05T12:15:27","FP16","C:\Users\parva\tinyllama-ov","CPU","1","run_1","512","512","128","128","1546.4","23746.18","23746.11","9223.28","114.35","8.74","54.6","126.5","4166.2","4167.7","4166.7","success",""
"2026-10-05T12:15:51","FP16","C:\Users\parva\tinyllama-ov","CPU","2","run_2","512","512","128","128","1546.4","23739.24","23739.17","9877.18","109.15","9.16","54.6","126.5","4166.2","4167.3","4167.3","success",""
"2026-10-05T12:16:14","FP16","C:\Users\parva\tinyllama-ov","CPU","3","run_3","512","512","128","128","1546.4","23012.76","23012.69","8997.15","110.36","9.06","54.6","126.5","4166.2","4167.6","4167.6","success",""
"2026-10-05T12:16:44","INT8","C:\Users\parva\tinyllama-int8","CPU","1","run_1","32","32","32","32","2030.15","2335.68","2335.6","366.92","63.5","15.75","54.5","139.3","2123.9","2124.2","2124.3","success",""
"2026-10-05T12:16:47","INT8","C:\Users\parva\tinyllama-int8","CPU","2","run_2","32","32","32","32","2030.15","2620.13","2620.06","445.15","70.16","14.25","54.5","139.3","2123.9","2124.4","2124.4","success",""
"2026-10-05T12:16:49","INT8","C:\Users\parva\tinyllama-int8","CPU","3","run_3","32","32","32","32","2030.15","2283.9","2283.81","404.52","60.62","16.5","54.5","139.3","2123.9","2124.6","2124.6","success",""
"2026-10-05T12:17:03","INT8","C:\Users\parva\tinyllama-int8","CPU","1","run_1","32","32","128","128","1602.29","7730.15","7730.08","335.31","58.23","17.17","54.4","136.2","2124.5","2126.6","2126.6","success",""
"2026-10-05T12:17:11","INT8","C:\Users\parva\tinyllama-int8","CPU","2","run_2","32","32","128","128","1602.29","8196.28","8196.21","427.35","61.17","16.35","54.4","136.2","2124.5","2126.9","2126.9","success",""
"2026-10-05T12:17:19","INT8","C:\Users\parva\tinyllama-int8","CPU","3","run_3","32","32","128","128","1602.29","8246.52","8246.44","356.84","62.12","16.1","54.4","136.2","2124.5","2127.4","2127.4","success",""
"2026-10-05T12:17:33","INT8","C:\Users\parva\tinyllama-int8","CPU","1","run_1","128","128","32","32","1745.06","4016.09","4016.02","1468.65","82.17","12.17","54.0","139.7","2137.1","2137.7","2137.7","success",""
"2026-10-05T12:17:37","INT8","C:\Users\parva\tinyllama-int8","CPU","2","run_2","128","128","32","32","1745.06","2980.15","2980.08","1084.38","61.15","16.35","54.0","139.7","2137.1","2137.9","2137.9","success",""
"2026-10-05T12:17:40","INT8","C:\Users\parva\tinyllama-int8","CPU","3","run_3","128","128","32","32","1745.06","2856.38","2856.32","1110.59","56.31","17.76","54.0","139.7","2137.1","2138.0","2138.0","success",""
"2026-10-05T12:17:56","INT8","C:\Users\parva\tinyllama-int8","CPU","1","run_1","128","128","128","128","1837.56","8843.45","8843.36","1449.19","58.22","17.18","54.4","136.7","2137.7","2138.4","2138.4","success",""
"2026-10-05T12:18:05","INT8","C:\Users\parva\tinyllama-int8","CPU","2","run_2","128","128","128","128","1837.56","9305.04","9304.97","1617.29","60.53","16.52","54.4","136.7","2137.7","2139.0","2139.0","success",""
"2026-10-05T12:18:14","INT8","C:\Users\parva\tinyllama-int8","CPU","3","run_3","128","128","128","128","1837.56","9547.08","9547.01","1772.02","61.22","16.33","54.4","136.7","2137.7","2139.3","2139.3","success",""
"2026-10-05T12:18:34","INT8","C:\Users\parva\tinyllama-int8","CPU","1","run_1","512","512","32","32","1718.56","5705.34","5705.27","3909.73","57.92","17.27","54.2","139.8","2189.4","2190.4","2190.4","success",""
"2026-10-05T12:18:40","INT8","C:\Users\parva\tinyllama-int8","CPU","2","run_2","512","512","32","32","1718.56","5575.7","5575.62","3666.68","61.58","16.24","54.2","139.8","2189.4","2190.6","2190.6","success",""
"2026-10-05T12:18:45","INT8","C:\Users\parva\tinyllama-int8","CPU","3","run_3","512","512","32","32","1718.56","5511.71","5511.63","3719.71","57.8","17.3","54.2","139.8","2189.4","2190.7","2190.7","success",""
"2026-10-05T12:19:05","INT8","C:\Users\parva\tinyllama-int8","CPU","1","run_1","512","512","128","128","1813.77","10573.86","10573.79","3312.29","57.18","17.49","54.6","140.8","2192.3","2193.6","2193.6","success",""
"2026-10-05T12:19:16","INT8","C:\Users\parva\tinyllama-int8","CPU","2","run_2","512","512","128","128","1813.77","11106.27","11106.2","3600.62","59.1","16.92","54.6","140.8","2192.3","2193.7","2193.7","success",""
"2026-10-05T12:19:27","INT8","C:\Users\parva\tinyllama-int8","CPU","3","run_3","512","512","128","128","1813.77","10795.65","10795.57","3625.15","56.46","17.71","54.6","140.8","2192.3","2194.0","2194.0","success",""
"2026-10-05T12:19:46","INT4","C:\Users\parva\tinyllama-int4","CPU","1","run_1","32","32","32","32","2704.66","1749.04","1748.96","327.41","45.86","21.81","54.6","275.0","1336.5","1336.8","1336.8","success",""
"2026-10-05T12:19:48","INT4","C:\Users\parva\tinyllama-int4","CPU","2","run_2","32","32","32","32","2704.66","1703.43","1703.33","316.59","44.73","22.36","54.6","275.0","1336.5","1337.2","1337.2","success",""
"2026-10-05T12:19:50","INT4","C:\Users\parva\tinyllama-int4","CPU","3","run_3","32","32","32","32","2704.66","1779.36","1779.28","314.02","47.26","21.16","54.6","275.0","1336.5","1337.5","1337.5","success",""
"2026-10-05T12:20:03","INT4","C:\Users\parva\tinyllama-int4","CPU","1","run_1","32","32","128","128","2209.66","5376.43","5376.36","284.89","40.09","24.94","54.7","273.5","1338.2","1340.2","1340.2","success",""
"2026-10-05T12:20:09","INT4","C:\Users\parva\tinyllama-int4","CPU","2","run_2","32","32","128","128","2209.66","5557.3","5557.23","273.11","41.61","24.03","54.7","273.5","1338.2","1340.6","1340.6","success",""
"2026-10-05T12:20:14","INT4","C:\Users\parva\tinyllama-int4","CPU","3","run_3","32","32","128","128","2209.66","5293.32","5293.25","287.71","39.41","25.37","54.7","273.5","1338.2","1340.9","1340.9","success",""
"2026-10-05T12:20:29","INT4","C:\Users\parva\tinyllama-int4","CPU","1","run_1","128","128","32","32","2272.35","2583.19","2583.12","1185.0","45.1","22.17","54.4","273.5","1346.0","1346.7","1346.7","success",""
"2026-10-05T12:20:31","INT4","C:\Users\parva\tinyllama-int4","CPU","2","run_2","128","128","32","32","2272.35","3290.91","3290.83","1904.38","44.72","22.36","54.4","273.5","1346.0","1346.9","1346.9","success",""
"2026-10-05T12:20:35","INT4","C:\Users\parva\tinyllama-int4","CPU","3","run_3","128","128","32","32","2272.35","2672.41","2672.33","1116.81","50.18","19.93","54.4","273.5","1346.0","1347.1","1347.1","success",""
"2026-10-05T12:20:51","INT4","C:\Users\parva\tinyllama-int4","CPU","1","run_1","128","128","128","128","2386.92","6866.61","6866.53","1179.31","44.78","22.33","54.3","274.6","1347.9","1348.4","1348.5","success",""
"2026-10-05T12:20:58","INT4","C:\Users\parva\tinyllama-int4","CPU","2","run_2","128","128","128","128","2386.92","7028.46","7028.38","1168.65","46.14","21.67","54.3","274.6","1347.9","1348.9","1348.9","success",""
"2026-10-05T12:21:05","INT4","C:\Users\parva\tinyllama-int4","CPU","3","run_3","128","128","128","128","2386.92","7068.71","7068.63","1306.3","45.37","22.04","54.3","274.6","1347.9","1349.1","1349.1","success",""
"2026-10-05T12:21:27","INT4","C:\Users\parva\tinyllama-int4","CPU","1","run_1","512","512","32","32","2648.67","7087.13","7087.05","5446.27","52.93","18.89","54.4","274.7","1400.0","1401.0","1401.0","success",""
"2026-10-05T12:21:34","INT4","C:\Users\parva\tinyllama-int4","CPU","2","run_2","512","512","32","32","2648.67","8424.04","8423.96","6743.79","54.2","18.45","54.4","274.7","1400.0","1401.2","1401.2","success",""
"2026-10-05T12:21:43","INT4","C:\Users\parva\tinyllama-int4","CPU","3","run_3","512","512","32","32","2648.67","7271.79","7271.72","5689.08","51.05","19.59","54.4","274.7","1400.0","1401.6","1401.6","success",""
"2026-10-05T13:11:14","INT4","C:\Users\parva\tinyllama-int4","CPU","1","run_1","512","512","128","128","2874.92","10219.93","10219.85","3960.0","49.29","20.29","54.3","276.3","1402.3","1403.5","1403.5","success",""
"2026-10-05T13:11:24","INT4","C:\Users\parva\tinyllama-int4","CPU","2","run_2","512","512","128","128","2874.92","12911.37","12911.31","5362.53","59.44","16.82","54.3","276.3","1402.3","1403.9","1403.9","success",""
"2026-10-05T13:11:37","INT4","C:\Users\parva\tinyllama-int4","CPU","3","run_3","512","512","128","128","2874.92","9697.77","9697.67","3533.19","48.54","20.6","54.3","276.3","1402.3","1404.0","1404.0","success",""
