"timestamp","precision","model_path","device","iteration","requested_input_tokens","actual_input_tokens","requested_output_tokens","actual_output_tokens","pipeline_construction_ms","wall_time_ms","openvino_generation_ms","ttft_ms","tpot_ms_per_token","throughput_tokens_per_second","rss_before_load_mib","rss_after_load_mib","rss_after_warmup_mib","sampled_peak_rss_mib","rss_after_generation_mib","status","error"
"2026-10-04T16:53:36","FP16","C:\Users\parva\tinyllama-ov","CPU","1","32","32","32","32","1354.33","2808.81","2808.7","98.05","87.44","11.44","54.6","125.8","4148.0","4148.1","4148.1","success",""
"2026-10-04T16:53:39","FP16","C:\Users\parva\tinyllama-ov","CPU","2","32","32","32","32","1354.33","2882.48","2882.39","99.71","89.76","11.14","54.6","125.8","4148.0","4148.1","4148.1","success",""
"2026-10-04T16:53:42","FP16","C:\Users\parva\tinyllama-ov","CPU","3","32","32","32","32","1354.33","2788.23","2788.15","100.38","86.7","11.53","54.6","125.8","4148.0","4148.1","4148.1","success",""
"2026-10-04T16:54:00","FP16","C:\Users\parva\tinyllama-ov","CPU","1","32","32","128","128","1153.56","11416.29","11416.18","79.6","89.26","11.2","54.1","126.5","4151.5","4153.8","4153.8","success",""
"2026-10-04T16:54:11","FP16","C:\Users\parva\tinyllama-ov","CPU","2","32","32","128","128","1153.56","12573.12","12573.03","103.75","98.18","10.19","54.1","126.5","4151.5","4154.2","4154.2","success",""
"2026-10-04T16:54:24","FP16","C:\Users\parva\tinyllama-ov","CPU","3","32","32","128","128","1153.56","11514.91","11514.81","103.74","89.85","11.13","54.1","126.5","4151.5","4154.3","4154.3","success",""
"2026-10-04T16:54:43","FP16","C:\Users\parva\tinyllama-ov","CPU","1","128","128","32","32","1223.28","2778.32","2778.21","102.56","86.31","11.59","54.3","127.4","4112.5","4112.6","4112.6","success",""
"2026-10-04T16:54:45","FP16","C:\Users\parva\tinyllama-ov","CPU","2","128","128","32","32","1223.28","3098.45","3098.37","91.22","97.0","10.31","54.3","127.4","4112.5","4112.7","4112.7","success",""
"2026-10-04T16:54:49","FP16","C:\Users\parva\tinyllama-ov","CPU","3","128","128","32","32","1223.28","3008.18","3008.09","133.69","92.72","10.79","54.3","127.4","4112.5","4112.7","4112.7","success",""
"2026-10-04T16:55:08","FP16","C:\Users\parva\tinyllama-ov","CPU","1","128","128","128","128","1219.13","11293.57","11293.48","86.97","88.24","11.33","54.2","128.8","4115.8","4115.8","4115.8","success",""
"2026-10-04T16:55:19","FP16","C:\Users\parva\tinyllama-ov","CPU","2","128","128","128","128","1219.13","12264.65","12264.55","101.18","95.77","10.44","54.2","128.8","4115.8","4115.9","4115.9","success",""
"2026-10-04T16:55:31","FP16","C:\Users\parva\tinyllama-ov","CPU","3","128","128","128","128","1219.13","11480.24","11480.13","113.19","89.5","11.17","54.2","128.8","4115.8","4115.9","4115.9","success",""
"2026-10-04T16:55:56","FP16","C:\Users\parva\tinyllama-ov","CPU","1","512","512","32","32","1127.98","3342.98","3342.9","106.05","104.41","9.58","54.2","128.8","4164.4","4164.5","4164.5","success",""
"2026-10-04T16:55:59","FP16","C:\Users\parva\tinyllama-ov","CPU","2","512","512","32","32","1127.98","3649.84","3649.77","154.03","112.76","8.87","54.2","128.8","4164.4","4164.5","4164.5","success",""
"2026-10-04T16:56:03","FP16","C:\Users\parva\tinyllama-ov","CPU","3","512","512","32","32","1127.98","3590.74","3590.68","99.28","112.62","8.88","54.2","128.8","4164.4","4164.5","4164.5","success",""
"2026-10-04T16:56:28","FP16","C:\Users\parva\tinyllama-ov","CPU","1","512","512","128","128","1017.98","11300.52","11300.43","91.67","88.26","11.33","54.5","122.1","4163.4","4163.5","4163.5","success",""
"2026-10-04T16:56:39","FP16","C:\Users\parva\tinyllama-ov","CPU","2","512","512","128","128","1017.98","12594.19","12594.09","90.56","98.45","10.16","54.5","122.1","4163.4","4163.7","4163.7","success",""
"2026-10-04T16:56:52","FP16","C:\Users\parva\tinyllama-ov","CPU","3","512","512","128","128","1017.98","12070.76","12070.67","94.81","94.3","10.6","54.5","122.1","4163.4","4163.7","4163.7","success",""
"2026-10-04T16:57:10","INT8","C:\Users\parva\tinyllama-int8","CPU","1","32","32","32","32","1499.26","1826.2","1826.1","62.49","56.89","17.58","54.1","139.3","2123.4","2123.7","2123.7","success",""
"2026-10-04T16:57:12","INT8","C:\Users\parva\tinyllama-int8","CPU","2","32","32","32","32","1499.26","1980.55","1980.45","61.76","61.89","16.16","54.1","139.3","2123.4","2123.7","2123.7","success",""
"2026-10-04T16:57:14","INT8","C:\Users\parva\tinyllama-int8","CPU","3","32","32","32","32","1499.26","1853.16","1853.05","63.18","57.74","17.32","54.1","139.3","2123.4","2123.8","2123.8","success",""
"2026-10-04T16:57:27","INT8","C:\Users\parva\tinyllama-int8","CPU","1","32","32","128","128","1399.86","7050.12","7050.02","69.47","54.96","18.19","54.5","139.5","2127.7","2129.4","2129.4","success",""
"2026-10-04T16:57:34","INT8","C:\Users\parva\tinyllama-int8","CPU","2","32","32","128","128","1399.86","6963.85","6963.76","54.08","54.41","18.38","54.5","139.5","2127.7","2129.7","2129.7","success",""
"2026-10-04T16:57:41","INT8","C:\Users\parva\tinyllama-int8","CPU","3","32","32","128","128","1399.86","6569.85","6569.77","51.52","51.32","19.48","54.5","139.5","2127.7","2129.7","2129.7","success",""
"2026-10-04T16:57:52","INT8","C:\Users\parva\tinyllama-int8","CPU","1","128","128","32","32","1418.27","1963.42","1963.32","65.53","61.22","16.34","54.2","138.4","2136.2","2136.3","2136.3","success",""
"2026-10-04T16:57:54","INT8","C:\Users\parva\tinyllama-int8","CPU","2","128","128","32","32","1418.27","2208.64","2208.55","65.67","69.12","14.47","54.2","138.4","2136.2","2136.4","2136.4","success",""
"2026-10-04T16:57:57","INT8","C:\Users\parva\tinyllama-int8","CPU","3","128","128","32","32","1418.27","1850.17","1850.07","67.63","57.5","17.39","54.2","138.4","2136.2","2136.4","2136.4","success",""
"2026-10-04T16:58:09","INT8","C:\Users\parva\tinyllama-int8","CPU","1","128","128","128","128","1382.05","6948.93","6948.84","60.05","54.24","18.44","54.0","137.8","2135.5","2135.6","2135.6","success",""
"2026-10-04T16:58:16","INT8","C:\Users\parva\tinyllama-int8","CPU","2","128","128","128","128","1382.05","7903.57","7903.49","53.56","61.81","16.18","54.0","137.8","2135.5","2135.8","2135.8","success",""
"2026-10-04T16:58:24","INT8","C:\Users\parva\tinyllama-int8","CPU","3","128","128","128","128","1382.05","7421.34","7421.19","62.29","57.94","17.26","54.0","137.8","2135.5","2135.9","2135.9","success",""
"2026-10-04T16:58:39","INT8","C:\Users\parva\tinyllama-int8","CPU","1","512","512","32","32","1463.91","1934.52","1934.44","67.35","60.23","16.6","53.9","138.5","2186.9","2187.0","2187.0","success",""
"2026-10-04T16:58:41","INT8","C:\Users\parva\tinyllama-int8","CPU","2","512","512","32","32","1463.91","2092.98","2092.88","61.89","65.51","15.26","53.9","138.5","2186.9","2187.2","2187.2","success",""
"2026-10-04T16:58:43","INT8","C:\Users\parva\tinyllama-int8","CPU","3","512","512","32","32","1463.91","1703.2","1703.11","73.33","52.57","19.02","53.9","138.5","2186.9","2187.2","2187.2","success",""
"2026-10-04T16:58:58","INT8","C:\Users\parva\tinyllama-int8","CPU","1","512","512","128","128","1293.07","7341.95","7341.84","61.28","57.33","17.44","54.0","140.1","2189.6","2189.6","2189.6","success",""
"2026-10-04T16:59:06","INT8","C:\Users\parva\tinyllama-int8","CPU","2","512","512","128","128","1293.07","7789.03","7788.94","121.53","60.37","16.56","54.0","140.1","2189.6","2189.7","2189.7","success",""
"2026-10-04T16:59:13","INT8","C:\Users\parva\tinyllama-int8","CPU","3","512","512","128","128","1293.07","8022.11","8022.04","75.79","62.57","15.98","54.0","140.1","2189.6","2189.7","2189.7","success",""
"2026-10-04T16:59:28","INT4","C:\Users\parva\tinyllama-int4","CPU","1","32","32","32","32","2024.12","1294.2","1294.11","48.95","40.16","24.9","54.2","274.2","1334.4","1334.4","1334.4","success",""
"2026-10-04T16:59:29","INT4","C:\Users\parva\tinyllama-int4","CPU","2","32","32","32","32","2024.12","1326.55","1326.45","46.33","41.29","24.22","54.2","274.2","1334.4","1334.4","1334.4","success",""
"2026-10-04T16:59:30","INT4","C:\Users\parva\tinyllama-int4","CPU","3","32","32","32","32","2024.12","1370.27","1370.19","46.8","42.69","23.43","54.2","274.2","1334.4","1334.5","1334.5","success",""
"2026-10-04T16:59:42","INT4","C:\Users\parva\tinyllama-int4","CPU","1","32","32","128","128","1673.51","5362.44","5362.36","44.03","41.88","23.88","54.0","273.4","1337.9","1339.6","1339.7","success",""
"2026-10-04T16:59:48","INT4","C:\Users\parva\tinyllama-int4","CPU","2","32","32","128","128","1673.51","5543.49","5543.4","44.94","43.29","23.1","54.0","273.4","1337.9","1340.0","1340.0","success",""
"2026-10-04T16:59:53","INT4","C:\Users\parva\tinyllama-int4","CPU","3","32","32","128","128","1673.51","5549.17","5549.08","48.85","43.31","23.09","54.0","273.4","1337.9","1340.0","1340.0","success",""
"2026-10-04T17:00:06","INT4","C:\Users\parva\tinyllama-int4","CPU","1","128","128","32","32","1798.34","1307.51","1307.42","51.88","40.5","24.69","54.1","274.0","1346.5","1346.6","1346.6","success",""
"2026-10-04T17:00:07","INT4","C:\Users\parva\tinyllama-int4","CPU","2","128","128","32","32","1798.34","1352.04","1351.95","46.17","42.12","23.74","54.1","274.0","1346.5","1346.8","1346.8","success",""
"2026-10-04T17:00:08","INT4","C:\Users\parva\tinyllama-int4","CPU","3","128","128","32","32","1798.34","1367.81","1367.72","61.81","42.12","23.74","54.1","274.0","1346.5","1346.8","1346.8","success",""
"2026-10-04T17:00:20","INT4","C:\Users\parva\tinyllama-int4","CPU","1","128","128","128","128","1671.25","5878.81","5878.71","49.93","45.9","21.79","54.3","274.2","1348.8","1348.9","1348.9","success",""
"2026-10-04T17:00:26","INT4","C:\Users\parva\tinyllama-int4","CPU","2","128","128","128","128","1671.25","5257.37","5257.27","43.2","41.06","24.36","54.3","274.2","1348.8","1348.9","1348.9","success",""
"2026-10-04T17:00:32","INT4","C:\Users\parva\tinyllama-int4","CPU","3","128","128","128","128","1671.25","5180.21","5180.13","40.69","40.47","24.71","54.3","274.2","1348.8","1348.9","1348.9","success",""
"2026-10-04T17:00:46","INT4","C:\Users\parva\tinyllama-int4","CPU","1","512","512","32","32","1764.21","1358.87","1358.76","53.99","42.09","23.76","54.1","274.8","1399.3","1399.4","1399.4","success",""
"2026-10-04T17:00:47","INT4","C:\Users\parva\tinyllama-int4","CPU","2","512","512","32","32","1764.21","1445.84","1445.74","45.04","45.18","22.13","54.1","274.8","1399.3","1399.4","1399.4","success",""
"2026-10-04T17:00:49","INT4","C:\Users\parva\tinyllama-int4","CPU","3","512","512","32","32","1764.21","1424.95","1424.84","60.56","44.01","22.72","54.1","274.8","1399.3","1399.4","1399.4","success",""
"2026-10-04T17:01:04","INT4","C:\Users\parva\tinyllama-int4","CPU","1","512","512","128","128","1697.65","5683.31","5683.21","48.01","44.37","22.54","54.1","275.2","1401.7","1401.7","1401.7","success",""
"2026-10-04T17:01:10","INT4","C:\Users\parva\tinyllama-int4","CPU","2","512","512","128","128","1697.65","5832.33","5832.24","42.87","45.58","21.94","54.1","275.2","1401.7","1401.8","1401.8","success",""
"2026-10-04T17:01:16","INT4","C:\Users\parva\tinyllama-int4","CPU","3","512","512","128","128","1697.65","5757.96","5757.87","51.12","44.93","22.25","54.1","275.2","1401.7","1401.8","1401.8","success",""
