request,disturbed,raw_ttft_err_pct,corrected_ttft_err_pct,raw_peak_err_pct,corrected_peak_err_pct,ttft_factor,peak_factor,peak_underpredicted_raw,peak_underpredicted_corrected
1,False,0.7614054855453884,0.7614054855453884,0.18296293845814118,0.18296293845814118,1.0,1.0,False,False
2,False,18.26267212597714,17.99457588359724,0.831807189801907,0.7949776068221669,0.9977330442686572,0.999634742409105,False,False
3,False,0.7614054855453884,4.066503194918501,0.18296293845814118,0.011602047707404254,0.952085735037147,0.9980579034552505,False,True
4,False,10.148025571491711,6.203961695969033,0.8460058530687978,0.6571604738133516,0.9641930587946601,0.9981273886094151,False,False
5,False,6.672088778940991,1.0500325095646044,0.8389060216232046,0.5186510960051144,0.9472959015452758,0.9968240936137346,False,False
6,False,37.54441279752322,41.02051370567791,0.23905249710518572,0.1824105161925068,0.944342835223286,0.9957954210180722,False,True
7,False,37.54441279752322,28.71435959397453,0.23905249710518572,0.07296420647700909,1.141381317494018,0.9968872740133772,False,True
8,False,37.54441279752322,20.10005171578217,0.23905249710518572,0.029185682590806818,1.2793082550835302,0.9973240152114992,False,True
9,False,18.26267212597714,62.71253845724149,0.831807189801907,0.5795977692773084,1.3758571113961888,0.997498711690748,False,False
10,False,11.364142314924008,35.504834989687716,0.9882127286988744,0.6195127300336585,1.2167725820264192,0.9963490788805648,False,False
11,False,11.364142314924008,24.85338449278138,0.9882127286988744,0.4956101840269204,1.1211273386339335,0.9951221778130156,False,False
12,False,6.75732809478703,1.705844034049375,0.19697944254187408,0.39010903168638084,1.0541756682591936,0.9941406569589762,False,True
13,False,49.81335449790086,46.81901498513806,0.253084701556383,0.10013602878020694,1.059664069650512,0.9964767096056137,False,True
14,False,41.507703517076465,21.647613322881167,0.23203786781918057,0.06103970449777271,1.3395334324066646,0.9970760090431021,False,True
15,False,10.662004483622045,60.52203820183188,0.9597392775876538,0.7014236307246617,1.4505614546823895,0.9974413994260349,False,False
16,True,39.0548798528574,21.59478695480528,19.836808667629153,20.153301937077224,1.2864887763925548,0.9960518878529195,True,True
17,True,22.097482090751914,8.501714012777448,19.22651509199853,7.361378764657611,1.3927882811076229,1.1468939509153895,True,True
18,True,39.0548798528574,17.11168296752243,19.836808667629153,3.677865374434956,1.3600484638040995,1.2015755987831915,True,True
19,True,26.225330344251965,6.55128448624876,19.232208577929875,0.7280301025494732,1.4442800622957042,1.2291034352874983,True,True
20,True,37.83821872985802,11.876992243522265,19.8424164459665,1.0445208272786088,1.417639680779316,1.2345117552853424,True,True
21,True,22.097482090751914,14.903053360285373,19.22651509199853,0.34734455869313957,1.4749594293491357,1.242330260641666,True,False
22,True,61.005135678050976,44.72211773888435,19.814369705744653,0.4519283465572713,1.4175682675731585,1.2414702146523446,True,True
23,True,61.005135678050976,31.305482417219046,19.814369705744653,0.1807713386229085,1.7616298652977975,1.2448518306219305,True,True
24,True,32.82572967630307,34.51466152330263,19.853629649233483,0.12123445279208477,2.0024729837050446,1.2462044770097649,True,True
25,True,28.88527414737268,31.44352781508438,19.32887518270143,0.6059338504204864,1.8483306549965168,1.2471120748380495,True,False
26,True,26.567982952338852,25.986211248597925,19.323195317544965,0.4918219762795183,1.7156850147099514,1.2456098425292952,True,False
27,True,66.54223633193389,46.14903844396877,19.79753223875489,0.19680282611614125,1.6095206508804862,1.2443906024311895,True,True
28,True,39.0548798528574,23.31131783927703,19.836808667629153,0.12765417592616204,2.0233173310932995,1.2458628974735466,True,True
29,True,37.83821872985802,18.64000330146085,19.8424164459665,0.05805355133091205,1.9085682693981443,1.2468183547636404,True,True
30,True,66.54223633193389,39.15339510571679,19.79753223875489,0.03276053709596069,1.8186094413823155,1.2472529004329853,True,False
